run_id,total_seconds,public_ip,timestamp
001,268,56.125.143.103,2025-11-30T16:43:35-0300
002,262,56.124.0.182,2025-11-30T16:51:20-0300
003,279,18.231.5.117,2025-11-30T16:58:06-0300
004,287,18.230.121.136,2025-11-30T17:04:11-0300
005,242,54.207.177.171,2025-11-30T17:10:19-0300
006,271,54.207.237.161,2025-11-30T17:16:01-0300
007,270,54.94.173.93,2025-11-30T17:21:55-0300
008,249,56.125.157.125,2025-11-30T17:28:16-0300
009,255,56.125.124.151,2025-11-30T17:33:48-0300
010,236,18.229.216.132,2025-11-30T17:39:42-0300
011,314,54.94.232.227,2025-12-02T15:20:51-0300
012,262,54.233.91.179,2025-12-02T15:28:25-0300
013,324,18.229.130.254,2025-12-02T15:34:20-0300
014,256,56.126.3.215,2025-12-02T15:41:08-0300
015,312,18.228.86.52,2025-12-02T16:36:31-0300
016,305,54.94.227.192,2025-12-02T16:58:18-0300
017,197,56.125.212.75,2025-12-02T17:26:01-0300
018,262,18.231.93.231,2025-12-02T17:31:02-0300
019,253,52.67.126.90,2025-12-02T17:37:31-0300
020,207,56.125.160.210,2025-12-02T17:45:17-0300
021,247,56.126.4.25,2025-12-02T18:36:15-0300
022,304,54.233.115.5,2025-12-02T19:04:25-0300
023,196,18.230.156.55,2025-12-02T21:46:10-0300
024,193,56.126.54.173,2025-12-02T23:05:11-0300
025,252,18.228.55.62,2025-12-02T23:30:42-0300
026,197,54.94.255.76,2025-12-02T23:37:34-0300
027,198,54.207.214.5,2025-12-02T23:42:02-0300
028,203,56.125.210.5,2025-12-02T23:47:08-0300
029,201,54.232.174.137,2025-12-02T23:52:04-0300
030,241,56.126.19.12,2025-12-02T23:56:26-0300
031,250,52.67.38.254,2025-12-03T00:01:20-0300
032,237,18.228.178.97,2025-12-03T00:06:32-0300
033,224,15.229.80.49,2025-12-03T00:11:54-0300
034,214,56.125.135.150,2025-12-03T00:16:40-0300
035,237,56.125.127.156,2025-12-03T00:21:17-0300
036,279,56.126.46.24,2025-12-03T00:25:55-0300
037,270,54.207.69.71,2025-12-03T00:31:26-0300
038,241,54.232.186.179,2025-12-03T00:36:59-0300
039,201,18.228.178.105,2025-12-03T00:41:52-0300
040,230,18.229.184.163,2025-12-03T00:46:25-0300
041,198,56.126.46.242,2025-12-03T00:51:18-0300
042,244,56.126.1.228,2025-12-03T00:55:08-0300
043,323,177.71.185.59,2025-12-03T01:00:25-0300
044,212,18.230.249.172,2025-12-03T01:06:53-0300
045,224,56.126.30.100,2025-12-03T01:11:36-0300
046,282,18.228.201.20,2025-12-03T01:16:21-0300
047,223,56.126.7.42,2025-12-03T01:21:55-0300
048,194,52.67.209.179,2025-12-03T01:26:41-0300
049,314,18.230.247.65,2025-12-03T01:30:36-0300
050,199,54.233.224.1,2025-12-03T01:36:41-0300
051,204,56.125.248.165,2025-12-03T01:40:42-0300
052,287,18.231.28.18,2025-12-03T01:45:18-0300
053,191,54.233.148.182,2025-12-03T01:50:57-0300
054,209,56.126.31.114,2025-12-03T01:55:10-0300
055,204,54.233.230.54,2025-12-03T01:59:31-0300
056,212,56.125.7.134,2025-12-03T02:04:27-0300
057,192,18.229.116.244,2025-12-03T02:09:21-0300
058,193,18.228.147.73,2025-12-03T02:13:55-0300
059,205,18.229.232.47,2025-12-03T02:18:00-0300
060,228,18.229.153.155,2025-12-03T02:22:36-0300
061,220,18.231.210.165,2025-12-03T02:27:26-0300
062,232,54.94.238.64,2025-12-03T02:32:08-0300
063,194,56.126.53.132,2025-12-03T02:37:01-0300
064,192,56.126.6.135,2025-12-03T02:40:55-0300
065,195,54.232.163.105,2025-12-03T02:44:59-0300
066,196,18.229.206.157,2025-12-03T02:48:56-0300
067,219,56.126.45.46,2025-12-03T02:53:04-0300
068,198,54.232.194.39,2025-12-03T02:57:45-0300
069,185,15.229.96.44,2025-12-03T03:02:26-0300
070,251,18.228.201.195,2025-12-03T03:06:33-0300
071,278,177.71.241.81,2025-12-03T03:12:05-0300
072,236,56.125.70.38,2025-12-03T03:17:55-0300
073,233,56.125.45.120,2025-12-03T03:22:43-0300
074,236,56.125.248.63,2025-12-03T03:27:28-0300
075,196,54.233.177.58,2025-12-03T03:32:14-0300
076,194,56.126.25.137,2025-12-03T03:36:12-0300
077,197,15.229.60.240,2025-12-03T03:40:28-0300
078,196,177.71.184.91,2025-12-03T03:44:27-0300
079,228,54.207.91.96,2025-12-03T03:49:05-0300
080,342,56.125.158.173,2025-12-03T03:53:55-0300
081,231,56.124.6.52,2025-12-03T04:00:39-0300
082,199,18.229.130.254,2025-12-03T04:05:32-0300
083,253,56.126.21.240,2025-12-03T15:51:25-0300
084,207,54.94.23.60,2025-12-03T15:56:10-0300
085,324,56.126.49.242,2025-12-03T16:01:10-0300
086,207,56.126.52.241,2025-12-03T16:07:16-0300
087,255,54.207.0.138,2025-12-03T16:12:15-0300
088,220,54.233.220.51,2025-12-03T16:18:03-0300
089,218,56.125.244.149,2025-12-03T16:22:55-0300
090,195,56.126.29.52,2025-12-03T16:27:45-0300
091,283,56.124.9.210,2025-12-03T16:31:52-0300
092,268,56.126.21.73,2025-12-03T16:37:17-0300
093,238,177.71.167.151,2025-12-03T16:42:57-0300
094,222,54.94.57.145,2025-12-03T16:47:47-0300
095,316,56.125.243.141,2025-12-03T16:52:31-0300
096,197,18.230.89.3,2025-12-03T16:59:08-0300
097,264,18.229.47.125,2025-12-03T17:03:07-0300
098,214,18.231.201.1,2025-12-03T17:08:52-0300
099,377,56.125.113.187,2025-12-03T17:13:38-0300
100,227,18.230.166.234,2025-12-03T17:20:58-0300
